COMMON_orig,SCIENTIFIC_orig,SID_orig,SCIENTIFIC,category,valid,rank,TSN
Pacific cod,Gadus macrocephalus,21720,Gadus macrocephalus,Actinopterygii,valid,species,164711
plain sculpin,Myoxocephalus jaok,21371,Myoxocephalus jaok,Actinopterygii,valid,species,167312
capelin,Mallotus villosus,23041,Mallotus villosus,Actinopterygii,valid,species,162035
Pacific halibut,Hippoglossus stenolepis,10120,Hippoglossus stenolepis,Actinopterygii,valid,species,172932
snow crab,Chionoecetes opilio,68580,Chionoecetes opilio,Arthropoda,valid,species,98428
yellowfin sole,Limanda aspera,10210,Limanda aspera,Actinopterygii,valid,species,172907
fuzzy hermit crab,Pagurus trigonocheirus,69086,Pagurus trigonocheirus,Arthropoda,valid,species,97796
snail  egg,gastropod egg,71001,Gastropoda,Mollusca,valid,class,69459
blackspined sea star,Lethasterias nanimensis,80200,Lethasterias nanimensis,Echinodermata,valid,species,157268
Arctic sand lance,Ammodytes hexapterus,20203,Ammodytes hexapterus,Actinopterygii,valid,species,171672
shortfin eelpout,Lycodes brevipes,24191,Lycodes brevipes,Actinopterygii,valid,species,165258
Kamchatka flounder,Atheresthes evermanni,10112,Atheresthes evermanni,Actinopterygii,valid,species,172861
Alaska plaice,Pleuronectes quadrituberculatus,10285,Pleuronectes quadrituberculatus,Actinopterygii,valid,species,172901
Pacific herring,Clupea pallasii,21110,Clupea pallasii,Actinopterygii,valid,species,551209
sea raspberry,Gersemia sp.,41201,Gersemia,Cnidaria,valid,genus,52039
,Actinostolidae,43100,Actinostolidae,Cnidaria,valid,family,52628
common mud star,Ctenodiscus crispatus,81780,Ctenodiscus crispatus,Echinodermata,valid,species,156940
thorny sculpin,Icelus spiniger,21438,Icelusniger,NA,NA,NA,NA
longfinger hermit,Pagurus rathbuni,69095,Pagurus rathbuni,Arthropoda,valid,species,97802
Tanner crab,Chionoecetes bairdi,68560,Chionoecetes bairdi,Arthropoda,valid,species,98429
sablefish,Anoplopoma fimbria,20510,Anoplopoma fimbria,Actinopterygii,valid,species,167123
hybrid Tanner crab,Chionoecetes hybrid,68590,Chionoecetes,Arthropoda,valid,genus,98427
purple-orange sea star,Asterias amurensis,81742,Asterias amurensis,Echinodermata,valid,species,157216
giant octopus,Enteroctopus dofleini,78403,Enteroctopus dofleini,Mollusca,valid,species,557227
,Chrysaora melanaster,40504,Chrysaora melanaster,Cnidaria,valid,species,51641
Oregon rock crab,Cancer oregonensis,68040,Cancer oregonensis,Arthropoda,valid,species,98677
notched brittlestar,Ophiura sarsii,83320,Ophiura sarsii,NA,NA,NA,NA
green sea urchin,Strongylocentrotus droebachiensis,82510,Strongylocentrotus droebachiensis,Echinodermata,valid,species,157969
hairy hermit crab,Pagurus capillatus,69120,Pagurus capillatus,Arthropoda,valid,species,97780
sea onion,Boltenia ovifera,98105,Boltenia ovifera,Urochordata,valid,species,159485
arrowtooth flounder,Atheresthes stomias,10110,Atheresthes stomias,Actinopterygii,valid,species,172862
,Leptasterias polaris,80590,Leptasterias polaris,Echinodermata,valid,species,157240
sea cucumber unid.,Holothuroidea,85000,Holothuroidea,Echinodermata,valid,class,158140
knobbyhand hermit,Pagurus confragosus,69070,Pagurus confragosus,Arthropoda,valid,species,97793
empty bivalve shells,,99993,,NA,NA,NA,NA
Bering skate,Bathyraja interrupta,435,Bathyraja interrupta,Chondrichthyes,valid,species,160937
walleye pollock,Gadus chalcogrammus,21740,Gadus chalcogrammus,Actinopterygii,valid,species,934083
basketstar,Gorgonocephalus eucnemis,83020,Gorgonocephalus eucnemis,Echinodermata,valid,species,157360
Alaska skate,Bathyraja parmifera,471,Bathyraja parmifera,Chondrichthyes,valid,species,160939
butterfly sculpin,Hemilepidotus papilio,21348,Hemilepidotus papilio,NA,NA,NA,NA
circumboreal toad crab,Hyas coarctatus,68577,Hyas coarctatus,Arthropoda,valid,species,98423
Pribilof whelk,Neptunea pribiloffensis,71820,Neptunea pribiloffensis,Mollusca,valid,species,73990
bigmouth sculpin,Hemitripterus bolini,21420,Hemitripterus bolini,Actinopterygii,valid,species,167287
rex sole,Glyptocephalus zachirus,10200,Glyptocephalus zachirus,Actinopterygii,valid,species,172978
splendid hermit,Labidochirus splendescens,69061,Labidochirusendescens,NA,NA,NA,NA
blue king crab,Paralithodes platypus,69323,Paralithodes platypus,Arthropoda,valid,species,97936
Alaskan hermit,Pagurus ochotensis,69090,Pagurus ochotensis,Arthropoda,valid,species,97777
,Neptunea heros,71884,Neptunea heros,Mollusca,valid,species,74007
northern rock sole,Lepidopsetta polyxystra,10261,Lepidopsetta polyxystra,Actinopterygii,valid,species,616392
,Stomphia sp.,43030,Stomphia,Cnidaria,valid,genus,52629
sturgeon poacher,Podothecus accipenserinus,20040,Podothecus accipenserinus,Actinopterygii,valid,species,644358
empty gastropod shells,,99994,,NA,NA,NA,NA
rainbow smelt,Osmerus mordax,23055,Osmerus mordax,Actinopterygii,valid,species,162041
lyre whelk,Neptunea lyrata,71870,Neptunea lyrata,Mollusca,valid,species,73977
wattled eelpout,Lycodes palearis,24185,Lycodes palearis,Actinopterygii,valid,species,165265
sea potato,Styela rustica,98082,Styela rustica,Urochordata,valid,species,159309
Oregon triton,Fusitriton oregonensis,72500,Fusitriton oregonensis,Mollusca,valid,species,73018
marbled eelpout,Lycodes raridens,24184,Lycodes raridens,Actinopterygii,valid,species,165267
angular whelk,Buccinum angulosum,72743,Buccinum angulosum,Mollusca,valid,species,73728
,Strongylocentrotus sp.,82511,Strongylocentrotus,Echinodermata,valid,genus,157968
jellyfish unid.,Scyphozoa,40500,Scyphozoa,Cnidaria,valid,class,51483
obscure sea star,Pteraster obscurus,81355,Pteraster obscurus,Echinodermata,valid,species,157110
Bering poacher,Occella dodecaedron,20061,Occella dodecaedron,Actinopterygii,valid,species,167456
threaded sculpin,Gymnocanthus pistilliger,21314,Gymnocanthus pistilliger,Actinopterygii,valid,species,167274
,Tritonia sp.,71025,Tritonia,Mollusca,valid,genus,78472
,Neptunea borealis,71835,Neptunea borealis,NA,NA,NA,NA
purple hermit,Elassochirus cavimanus,69121,Elassochirus cavimanus,Arthropoda,valid,species,97838
giant scale worm,Eunoe nodosa,56311,Eunoe nodosa,Annelida,valid,species,64436
rusty moonsnail,Cryptonatica russa,71537,Cryptonatica russa,Mollusca,valid,species,567439
,Plicifusus kroyeri,71891,Plicifusus kroyeri,NA,NA,NA,NA
longhead dab,Limanda proboscidea,10211,Limanda proboscidea,Actinopterygii,valid,species,172911
swimming anemone,Stomphia coccinea,43032,Stomphia coccinea,Cnidaria,valid,species,52630
,Boltenia sp.,98100,Boltenia,Urochordata,valid,genus,159484
flathead sole,Hippoglossoides elassodon,10130,Hippoglossoides elassodon,Actinopterygii,valid,species,172875
,Leptasterias arctica,80594,Leptasterias arctica,Echinodermata,valid,species,157228
hairy cockle,Ciliatoclinocardium ciliatum,74983,Ciliatoclinocardium ciliatum,NA,NA,NA,NA
parma sand dollar,Echinarachnius parma,82740,Echinarachnius parma,Echinodermata,valid,species,158016
,Crangon sp.,66502,Crangon,Arthropoda,valid,genus,97107
daubed shanny,Leptoclinus maculatus,23805,Leptoclinus maculatus,Actinopterygii,valid,species,171603
oblique smoothcockle,Serripes notabilis,75287,Serripes notabilis,Mollusca,valid,species,568282
sponge unid.,Porifera,91000,Porifera,Porifera,valid,phylum,46861
helmet crab,Telmessus cheiragonus,68781,Telmessus cheiragonus,Arthropoda,valid,species,98663
clay pipe sponge,Aphrocallistes vastus,91030,Aphrocallistes vastus,Porifera,valid,species,47444
Alaskan pink shrimp,Pandalus eous,66031,Pandalus eous,Arthropoda,valid,species,621110
ladder whelk,Buccinum scalariforme,72752,Buccinum scalariforme,Mollusca,valid,species,73737
polar whelk,Buccinum polare,72755,Buccinum polare,NA,NA,NA,NA
starry flounder,Platichthys stellatus,10220,Platichthys stellatus,Actinopterygii,valid,species,172893
smoothskin octopus,Benthoctopus leioderma,78012,Benthoctopus leioderma,Mollusca,valid,species,557220
Bering flounder,Hippoglossoides robustus,10140,Hippoglossoides robustus,Actinopterygii,valid,species,172876
great sculpin,Myoxocephalus polyacanthocephalus,21370,Myoxocephalus polyacanthocephalus,Actinopterygii,valid,species,167315
,Metridium sp.,43010,Metridium,Cnidaria,valid,genus,52736
Greenland turbot,Reinhardtius hippoglossoides,10115,Reinhardtius hippoglossoides,Actinopterygii,valid,species,172930
Aleutian alligatorfish,Aspidophoroides monopterygius,20050,Aspidophoroides monopterygius,Actinopterygii,valid,species,167439
,Serripes sp.,75284,Serripes,Mollusca,valid,genus,80878
shrew whelk,Colus halli,71731,Colus halli,NA,NA,NA,NA
variegated snailfish,Liparis gibbus,22205,Liparis gibbus,Actinopterygii,valid,species,167561
barnacle unid.,Thoracica,65100,Thoracica,Arthropoda,valid,superorder,89434
,Aequorea sp.,40506,Aequorea,Cnidaria,valid,genus,50623
Pacific ocean perch,Sebastes alutus,30060,Sebastes alutus,Actinopterygii,valid,species,166707
yellow Irish lord,Hemilepidotus jordani,21347,Hemilepidotus jordani,Actinopterygii,valid,species,167280
whitespotted greenling,Hexagrammos stelleri,21932,Hexagrammos stelleri,Actinopterygii,valid,species,167113
thin-ribbed whelk,Colus herendeenii,71721,Colus herendeenii,Mollusca,valid,species,73895
shorthorn (=warty) sculpin,Myoxocephalus scorpius,21368,Myoxocephalus scorpius,Actinopterygii,valid,species,167318
Sakhalin sole,Limanda sakhalinensis,10212,Limanda sakhalinensis,Actinopterygii,valid,species,616064
sawback poacher,Leptagonus frenatus,20006,Leptagonus frenatus,NA,NA,NA,NA
red king crab,Paralithodes camtschaticus,69322,Paralithodes camtschaticus,Arthropoda,valid,species,97935
,Balanus sp.,65201,Balanus,Arthropoda,valid,genus,89600
,Oregonia sp.,68501,Oregonia,Arthropoda,valid,genus,98418
Alaska razor,Siliqua alta,75267,Siliqua alta,Mollusca,valid,species,81009
saffron cod,Eleginus gracilis,21735,Eleginus gracilis,Actinopterygii,valid,species,164708
Pacific lyre crab,Hyas lyratus,68578,Hyas lyratus,Arthropoda,valid,species,98422
,Clinocardium sp.,74980,Clinocardium,Mollusca,valid,genus,80866
keeled Aforia,Aforia circinata,72063,Aforia circinata,Mollusca,valid,species,75203
depressed scale worm,Eunoe depressa,56312,Eunoe depressa,Annelida,valid,species,64435
,Urticina sp.,43040,Urticina,Cnidaria,valid,genus,52569
Greenland shrimp,Eualus macilentus,66179,Eualus macilentus,Arthropoda,valid,species,96815
empty barnacle shells,,99991,,NA,NA,NA,NA
spinyhead sculpin,Dasycottus setiger,21390,Dasycottus setiger,Actinopterygii,valid,species,167265
Arctic cod,Boreogadus saida,21725,Boreogadus saida,Actinopterygii,valid,species,164706
horsehair crab,Erimacrus isenbeckii,69400,Erimacrus isenbeckii,Arthropoda,valid,species,98665
Aleutian hermit,Pagurus aleuticus,69060,Pagurus aleuticus,Arthropoda,valid,species,97778
red trumpet calcareous tubeworm,Serpula columbiana,57411,Serpula columbiana,NA,NA,NA,NA
slender eelblenny,Lumpenus fabricii,23807,Lumpenus fabricii,Actinopterygii,valid,species,631020
,Aphrodita negligens,50192,Aphrodita negligens,Annelida,valid,species,64363
,Argis sp.,66570,Argis,Arthropoda,valid,genus,97160
polychaete worm unid.,Polychaeta,50000,Polychaeta,Annelida,valid,class,64358
Alaska skate egg case,Bathyraja parmifera egg case,474,Bathyraja parmifera,Chondrichthyes,valid,species,160939
fat whelk,Neptunea ventricosa,71882,Neptunea ventricosa,Mollusca,valid,species,73986
mottled anemone,Urticina crassicornis,43042,Urticina crassicornis,NA,NA,NA,NA
,Volutopsius sp.,71750,Volutopsius,Mollusca,valid,genus,74046
,Beringius stimpsoni,71774,Beringius stimpsoni,Mollusca,valid,species,73882
,Virgulariidae,42003,Virgulariidae,Cnidaria,valid,family,52386
Arctic surfclam,Mactromeris polynyma,75111,Mactromeris polynyma,Mollusca,valid,species,80983
,Leptychaster anomalus,81829,Leptychaster anomalus,Echinodermata,valid,species,156889
lion's mane,Cyanea capillata,40561,Cyanea capillata,Cnidaria,valid,species,51671
eastern Pacific bobtail,Rossia pacifica,79020,Rossia pacifica,Mollusca,valid,species,82338
,Buccinum sp.,72740,Buccinum,Mollusca,valid,genus,73727
Alaska great-tellin,Tellina lutea,75205,Tellina lutea,Mollusca,valid,species,81076
kuro argid,Argis lar,66611,Argis lar,Arthropoda,valid,species,97161
,Tellina sp.,75201,Tellina,Mollusca,valid,genus,81074
sinuous whelk,Buccinum plectrum,72751,Buccinum plectrum,Mollusca,valid,species,73777
northern horsemussel,Modiolus modiolus,74060,Modiolus modiolus,Mollusca,valid,species,79501
,Beringius beringii,71772,Beringius beringii,NA,NA,NA,NA
,Eualus sp.,66170,Eualus,Arthropoda,valid,genus,96801
swollen whelk,Buccinum oedematum,72747,Buccinum oedematum,Mollusca,valid,species,73732
weathervane scallop,Patinopecten caurinus,74120,Patinopecten caurinus,Mollusca,valid,species,79757
leech unid.,Hirudinea,59100,Lumbriculata,Annelida,valid,subclass,1048704
,Gersemia rubiformis,41221,Gersemia rubiformis,Cnidaria,valid,species,52037
sea anemone unid.,Actiniaria,43000,Actiniaria,Cnidaria,valid,order,52485
,Colus sp.,71710,Colus,Mollusca,valid,genus,73892
ribbed bryozoan,Rhamphostomella costata,95070,Rhamphostomella costata,NA,NA,NA,NA
helmet whelk,Clinopegma magnum,71886,Clinopegma magnum,Mollusca,valid,species,567374
shouldered whelk,Volutopsius stefanssoni,71763,Volutopsius stefanssoni,NA,NA,NA,NA
,Henricia sp.,80540,Henricia,Echinodermata,valid,genus,157152
Atka mackerel,Pleurogrammus monopterygius,21921,Pleurogrammus monopterygius,Actinopterygii,valid,species,167120
peachskin snailfish,Careproctus scottae,22232,Careproctus scottae,Actinopterygii,valid,species,167515
ribbed sculpin,Triglops pingeli,21355,Triglops pingeli,NA,NA,NA,NA
fragile whelk,Volutopsius fragilis,71756,Volutopsius fragilis,Mollusca,valid,species,74059
tentacle-shedding anemone,Liponema brevicorne,43090,Liponema brevicorne,NA,NA,NA,NA
rose sea star,Crossaster papposus,81095,Crossaster papposus,Echinodermata,valid,species,157066
searcher,Bathymaster signatus,20720,Bathymaster signatus,Actinopterygii,valid,species,170949
,Aplidium sp.,98312,Aplidium,Urochordata,valid,genus,159038
Arctic argid,Argis dentata,66580,Argis dentata,Arthropoda,valid,species,97162
monster snailfish,Careproctus phasma,22226,Careproctus phasma,Actinopterygii,valid,species,167510
chum salmon,Oncorhynchus keta,23235,Oncorhynchus keta,Actinopterygii,valid,species,161976
nemertean worm unid.,Nemertea,92500,Nemertea,NA,NA,NA,NA
bryozoan unid.,Bryozoa,95000,Bryozoa,NA,NA,NA,NA
,Pyrulofusus melonis,71761,Pyrulofusus melonis,Mollusca,valid,species,568244
nudibranch unid.,Nudibranchia,71010,Nudibranchia,Mollusca,valid,order,78156
discordant mussel,Musculus discors,74562,Musculus discors,Mollusca,valid,species,79475
,Mysidae,64100,Mysidae,Arthropoda,valid,family,89856
,Macoma sp.,75240,Macoma,Mollusca,valid,genus,81033
Pacific sleeper shark,Somniosus pacificus,320,Somniosus pacificus,Chondrichthyes,valid,species,160610
big skate,Beringraja binoculata,420,Beringraja binoculata,NA,NA,NA,NA
dorid nudibranch unid.,Dorididae,71250,Dorididae,Mollusca,valid,family,78206
giant sea star,Evasterias echinosoma,80020,Evasterias echinosoma,Echinodermata,valid,species,157223
sunflower sea star,Pycnopodia helianthoides,80160,Pycnopodia helianthoides,Echinodermata,valid,species,157274
sea football,Cucumaria fallax,85201,Cucumaria fallax,Echinodermata,valid,species,158211
sea peach,Halocynthia aurantium,98205,Halocynthia aurantium,Urochordata,valid,species,159499
kelp greenling,Hexagrammos decagrammus,21935,Hexagrammos decagrammus,Actinopterygii,valid,species,167110
warped whelk,Pyrulofusus deformis,71753,Pyrulofusus deformis,Mollusca,valid,species,74045
,Bathyraja interrupta egg case,436,Bathyraja interrupta,Chondrichthyes,valid,species,160937
skate egg case unid.,,401,,NA,NA,NA,NA
,Suberites sp.,91015,Suberites,Porifera,valid,genus,48485
pale moonsnail,Lunatia pallida,71580,Lunatia pallida,NA,NA,NA,NA
graceful decorator crab,Oregonia gracilis,68510,Oregonia gracilis,Arthropoda,valid,species,98419
butter sole,Isopsetta isolepis,10270,Isopsetta isolepis,Actinopterygii,valid,species,172919
rosy Tritonia,Tritonia diomedea,71030,Tritonia diomedea,Mollusca,valid,species,78474
humpy shrimp,Pandalus goniurus,66045,Pandalus goniurus,Arthropoda,valid,species,96968
whiteblotched skate,Bathyraja maculata,480,Bathyraja maculata,Chondrichthyes,valid,species,564263
compound ascidian unid.,,98300,,NA,NA,NA,NA
,Beringius sp.,71769,Beringius,Mollusca,valid,genus,73875
,Halipteris willemoesi,42012,Halipteris willemoesi,Cnidaria,valid,species,719253
comb jelly unid.,Ctenophora,45000,Ctenophora,NA,NA,NA,NA
spectacled sculpin,Triglops scepticus,21354,Triglops scepticus,Actinopterygii,valid,species,167374
spiny lebbeid,Lebbeus groenlandicus,66203,Lebbeus groenlandicus,Arthropoda,valid,species,96787
Aleutian skate,Bathyraja aleutica,472,Bathyraja aleutica,Chondrichthyes,valid,species,160935
spatulate sculpin,Icelus spatula,21441,Icelustula,NA,NA,NA,NA
eulachon,Thaleichthys pacificus,23010,Thaleichthys pacificus,Actinopterygii,valid,species,162051
festive Tritonia,Tritonia festiva,71026,Tritonia festiva,Mollusca,valid,species,78476
threaded whelk,Lussivolutopsius filosus,71759,Lussivolutopsius filosus,Mollusca,valid,species,567835
chevron-tentacled anemone,Cribrinopsis fernaldi,43082,Cribrinopsis fernaldi,Cnidaria,valid,species,52577
northern nutclam,Nuculana pernula,74436,Nuculana pernula,Mollusca,valid,species,79192
widehand hermit crab,Elassochirus tenuimanus,69110,Elassochirus tenuimanus,Arthropoda,valid,species,97837
Bering Henricia,Aleutihenricia beringiana,80597,Aleutihenricia beringiana,Echinodermata,valid,species,989353
,Yoldia sp.,74414,Yoldia,Mollusca,valid,genus,79258
,Neptunea sp.,71800,Neptunea,Mollusca,valid,genus,73975
Greenland cockle,Serripes groenlandicus,75285,Serripes groenlandicus,Mollusca,valid,species,80879
bent-nose Macoma,Macoma nasuta,75241,Macoma nasuta,Mollusca,valid,species,81050
peanut worm unid.,Sipuncula,94000,Sipuncula,NA,NA,NA,NA
northern Yoldia,Yoldia hyperborea,74420,Yoldia hyperborea,Mollusca,valid,species,79261
Alaskan lobed sponge,Stelodoryx alaskensis,91237,Stelodoryx alaskensis,Porifera,valid,species,48107
Bering wolffish,Anarhichas orientalis,20322,Anarhichas orientalis,Actinopterygii,valid,species,171337
hydroid unid.,Hydroidolina,40011,Hydroidolina,Cnidaria,valid,subclass,718924
Arctic Hiatella,Hiatella arctica,74311,Hiatella arctica,Mollusca,valid,species,81765
black coral,Antipatharia,41525,Antipatharia,Cnidaria,valid,order,51940
armorhead sculpin,Gymnocanthus galeatus,21316,Gymnocanthus galeatus,Actinopterygii,valid,species,167273
,Neoberingius frielei,71771,Neoberingius frielei,Mollusca,valid,species,567936
purplegray sculpin,Gymnocanthus detrisus,21329,Gymnocanthus detrisus,Actinopterygii,valid,species,167272
,Polychaete tubes,99998,Polychaete,NA,NA,NA,NA
spotted red anemone,Urticina lofotensis,43043,Urticina lofotensis,NA,NA,NA,NA
moonsnail egg unid.,Naticidae egg,71511,Naticidae,Mollusca,valid,family,72878
,Pyrulofusus sp.,71747,Pyrulofusus,Mollusca,valid,genus,74043
ridged Crangon,Crangon dalli,66530,Crangon dalli,Arthropoda,valid,species,97113
blue mussel,Mytilus edulis,74080,Mytilus edulis,Mollusca,valid,species,79454
,Alcyonidium pedunculatum,95036,Alcyonidium pedunculatum,NA,NA,NA,NA
isopod unid.,Isopoda,62000,Isopoda,Arthropoda,valid,order,92120
tunicate unid.,Ascidiacea,98000,Ascidiacea,Urochordata,valid,class,158854
chrysaora jellyfish,Chrysaora sp.,40501,Chrysaora,Cnidaria,valid,genus,51640
,Eunoe sp.,56310,Eunoe,Annelida,valid,genus,64433
striped sea leech,Notostomum cyclostomum,59111,Notostomum cyclostomum,Annelida,valid,species,568935
,Neptunea middendorffii,71840,Neptunea middendorffii,NA,NA,NA,NA
,Cyclocardia sp.,74656,Cyclocardia,Mollusca,valid,genus,80733
,Polymastia sp.,91074,Polymastia,Porifera,valid,genus,48506
giant orange tochui,Tochuina gigantea,71012,Tochuina gigantea,NA,NA,NA,NA
red Irish lord,Hemilepidotus hemilepidotus,21346,Hemilepidotus hemilepidotus,Actinopterygii,valid,species,167279
sponge hermit,Pagurus brandti,69042,Pagurus brandti,Arthropoda,valid,species,97798
scarlet sea star,Pseudarchaster parelii,80660,Pseudarchaster parelii,Echinodermata,valid,species,157017
pincushion sea star,Diplopteraster multipes,81360,Diplopteraster multipes,Echinodermata,valid,species,157095
hookhorn sculpin,Artediellus pacificus,21333,Artediellus pacificus,Actinopterygii,valid,species,167205
,Ophiopholis sp.,83360,Ophiopholis,Echinodermata,valid,genus,157616
chinook salmon,Oncorhynchus tshawytscha,23220,Oncorhynchus tshawytscha,Actinopterygii,valid,species,161980
,Careproctus sp.,22219,Careproctus,Actinopterygii,valid,genus,167488
stone sponge,Stelletta sp.,91105,Stelletta,Porifera,valid,genus,48679
ubiquitous brittle star,Ophiopholis aculeata,83400,Ophiopholis aculeata,Echinodermata,valid,species,157617
tube worm unid.,,50010,,NA,NA,NA,NA
polar eelpout,Lycodes turneri,24189,Lycodes turneri,Actinopterygii,valid,species,165269
slipper shell,Crepidula sp.,71640,Crepidula,Mollusca,valid,genus,72619
,Serpula sp.,57412,Serpula,Annelida,valid,genus,68243
scallop unid.,Pectinidae,74100,Pectinidae,Mollusca,valid,family,79611
sevenspine bay shrimp,Crangon septemspinosa,66548,Crangon septemspinosa,Arthropoda,valid,species,97110
,Cucumaria sp.,85200,Cucumaria,Echinodermata,valid,genus,158191
blackspotted rockfish,Sebastes melanostictus,30052,Sebastes melanostictus,NA,NA,NA,NA
,Ceramaster sp.,80728,Ceramaster,Echinodermata,valid,genus,156988
,Chlamys sp.,74104,Chlamys,Mollusca,valid,genus,79612
,Hydrozoa,40010,Hydrozoa,Cnidaria,valid,class,48739
Pacific razor,Siliqua patula,75266,Siliqua patula,Mollusca,valid,species,81008
,Lamellaria sp.,71584,Lamellaria,Mollusca,valid,genus,72692
northern sculpin,Icelinus borealis,21311,Icelinus borealis,Actinopterygii,valid,species,167291
Alaska volute,Arctomelon stearnsii,72790,Arctomelon stearnsii,Mollusca,valid,species,74302
,Alcyonidium sp.,95038,Alcyonidium,NA,NA,NA,NA
,Pteraster sp.,81310,Pteraster,Echinodermata,valid,genus,157107
giant barnacle,Chirona evermanni,65203,Chirona evermanni,Arthropoda,valid,species,656260
mottled sea star,Evasterias troschelii,80015,Evasterias troschelii,NA,NA,NA,NA
,Beringius sp. J (McLean and Clark),71792,Beringius,Mollusca,valid,genus,73875
egg yolk jelly,Phacellophora camtschatica,40505,Phacellophora camtschatica,Cnidaria,valid,species,51696
,Propebela nobilis,72104,Propebela nobilis,Mollusca,valid,species,568137
,Astarte sp.,74640,Astarte,Mollusca,valid,genus,80797
,Leptasterias groenlandica,80110,Leptasterias groenlandica,Echinodermata,valid,species,157232
veteran poacher,Podothecus veternus,20041,Podothecus veternus,Actinopterygii,valid,species,644362
orange-pink sea urchin,Allocentrotus fragilis,82530,Allocentrotus fragilis,Echinodermata,valid,species,157967
sea mouse unid.,Aphroditidae,50160,Aphroditidae,Annelida,valid,family,64359
,Plicifusus sp.,71890,Plicifusus,Mollusca,valid,genus,74026
,Bathyplotes sp.,85180,Bathyplotes,Echinodermata,valid,genus,158372
,Cribrinopsis sp.,43081,Cribrinopsis,Cnidaria,valid,genus,52575
vase sponge,Aulosaccus schulzei,91710,Aulosaccus schulzei,NA,NA,NA,NA
invertebrate unid.,,99990,,NA,NA,NA,NA
vermilion sea star,Mediaster aequalis,80710,Mediaster aequalis,Echinodermata,valid,species,157011
,Pteraster tesselatus,81315,Pteraster tesselatus,Echinodermata,valid,species,157113
,Leptychaster sp.,81820,Leptychaster,Echinodermata,valid,genus,156888
,Synallactes challengeri,85290,Synallactes challengeri,Echinodermata,valid,species,656054
blotched snailfish,Crystallichthys cyclospilus,22206,Crystallichthys cyclospilus,Actinopterygii,valid,species,167529
red bat star,Ceramaster japonicus,80729,Ceramaster japonicus,Echinodermata,valid,species,156991
fragile moonsnail,Bulbus fragilis,71515,Bulbus fragilis,Mollusca,valid,species,72909
boreal rosy margarite,Margarites costalis,72535,Margarites costalis,Mollusca,valid,species,69893
fish egg unid.,,1,,NA,NA,NA,NA
,Mytilus sp.,74065,Mytilus,Mollusca,valid,genus,79452
Atlantic poacher,Leptagonus decagonus,20007,Leptagonus decagonus,Actinopterygii,valid,species,167478
stinky sponge,Suberites montalbidus,91019,Suberites montalbidus,NA,NA,NA,NA
Dolly Varden,Salvelinus malma,23252,Salvelinus malma,Actinopterygii,valid,species,162000
,Musculus sp.,74560,Musculus,Mollusca,valid,genus,79472
gray starsnout,Bathyagonus alascanus,20035,Bathyagonus alascanus,Actinopterygii,valid,species,167448
,Aphrodita sp.,50161,Aphrodita,Annelida,valid,genus,64360
leafy bryozoan,Flustra serrulata,95030,Flustra serrulata,NA,NA,NA,NA
california sea pork,Aplidium californicum,98219,Aplidium californicum,Urochordata,valid,species,158949
,Solaster sp.,81060,Solaster,Echinodermata,valid,genus,157074
,Psolus sp.,85210,Psolus,Echinodermata,valid,genus,1077949
mud skate,Bathyraja taranetzi,455,Bathyraja taranetzi,NA,NA,NA,NA
bivalve unid.,Bivalvia,74000,Bivalvia,Mollusca,valid,class,79118
,Aurelia aurita,40513,Aurelia aurita,Cnidaria,valid,species,51701
brittlestar unid.,Ophiuroidea,83000,Ophiuroidea,Echinodermata,valid,class,157325
,Neptunea sp. D (Clark and McLean),71915,Neptunea,Mollusca,valid,genus,73975
,Nereididae,54000,Nereididae,Annelida,valid,family,65870
,Leptasterias camtschatica,80596,Leptasterias camtschatica,Echinodermata,valid,species,157230
gigantic anemone,Metridium farcimen,43021,Metridium farcimen,Cnidaria,valid,species,611773
northern rockfish,Sebastes polyspinis,30420,Sebastes polyspinis,Actinopterygii,valid,species,166735
,Mediaster sp.,80690,Mediaster,Echinodermata,valid,genus,157010
Dall dendronotid,Dendronotus dalli,71020,Dendronotus dalli,Mollusca,valid,species,78508
eroded turretsnail,Tachyrhynchus erosus,71634,Tachyrhynchus erosus,Mollusca,valid,species,71294
Aleutian skate egg case,Bathyraja aleutica egg case,473,Bathyraja aleutica,Chondrichthyes,valid,species,160935
funnel sponge,,91056,,NA,NA,NA,NA
roughspine sculpin,Triglops macellus,21356,Triglops macellus,Actinopterygii,valid,species,167371
ocean shrimp,Pandalus jordani,66030,Pandalus jordani,Arthropoda,valid,species,96970
,Ophiopholis longispina,83390,Ophiopholis longispina,Echinodermata,valid,species,157623
,Leptasterias sp.,80595,Leptasterias,Echinodermata,valid,genus,157225
darkfin sculpin,Malacocottus zonurus,21341,Malacocottus zonurus,Actinopterygii,valid,species,167305
great slippersnail,Grandicrepidula grandis,71681,Grandicrepidula grandis,NA,NA,NA,NA
,Halichondria sp.,91049,Halichondria,Porifera,valid,genus,48394
,Pandalus sp.,66020,Pandalus,Arthropoda,valid,genus,96966
black mussel,Musculus niger,74561,Musculus niger,Mollusca,valid,species,79473
sea urchin unid.,Echinacea,82500,Echinacea,Echinodermata,valid,superorder,157891
,Colus hypolispus,71722,Colus hypolispus,NA,NA,NA,NA
worm unid.,Annelida,50001,Annelida,Annelida,valid,phylum,64357
twospine Crangon,Crangon communis,66515,Crangon communis,NA,NA,NA,NA
,Pentamera sp.,85170,Pentamera,Echinodermata,valid,genus,158221
Alaska falsejingle,Pododesmus macrochisma,75600,Pododesmus macrochisma,Mollusca,valid,species,79792
,Balanus balanus,65202,Balanus balanus,Arthropoda,valid,species,89602
,Aurelia sp.,40511,Aurelia,Cnidaria,valid,genus,51700
northern sea star,Dipsacaster borealis,81870,Dipsacaster borealis,Echinodermata,valid,species,156885
,Mycale sp.,91039,Mycale,Porifera,valid,genus,48195
,Ophiura sp.,83310,Ophiura,Echinodermata,valid,genus,157411
,Pagurus sp.,69035,Pagurus,Arthropoda,valid,genus,97775
Aleutian moonsnail,Cryptonatica aleutica,71535,Cryptonatica aleutica,Mollusca,valid,species,567437
southern rock sole,Lepidopsetta bilineata,10262,Lepidopsetta bilineata,Actinopterygii,valid,species,172917
fish doctor,Gymnelus viridis,24192,Gymnelus viridis,Actinopterygii,valid,species,631028
kelp snailfish,Liparis tunicatus,22238,Liparis tunicatus,Actinopterygii,valid,species,167579
sea peach unid.,Halocynthia sp.,98200,Halocynthia,Urochordata,valid,genus,159498
thorny scaleworm,Eunoe senta,56313,Eunoe senta,Annelida,valid,species,64440
barbed eualid,Eualus barbatus,66171,Eualus barbatus,Arthropoda,valid,species,96802
,Liparis sp.,22201,Liparis,Actinopterygii,valid,genus,167550
Pacific sandfish,Trichodon trichodon,21592,Trichodon trichodon,Actinopterygii,valid,species,170919
,Onchidiopsis sp.,71590,Onchidiopsis,Mollusca,valid,genus,72702
smooth alligatorfish,Anoplagonus inermis,20055,Anoplagonus inermis,Actinopterygii,valid,species,167434
oblique whelk,Colus aphelus,71730,Colus aphelus,Mollusca,valid,species,73914
,Icelus sp.,21446,Icelus,Actinopterygii,valid,genus,167187
fragile sea star,Cheiraster dawsoni,81910,Cheiraster dawsoni,Echinodermata,valid,species,656038
whitebarred prickleback,Poroclinus rothrocki,23850,Poroclinus rothrocki,Actinopterygii,valid,species,171594
,Boltenia ecinata,98102,Boltenia ecinata,NA,NA,NA,NA
starsnout poacher unid.,Bathyagonus sp.,20034,Bathyagonus,Actinopterygii,valid,genus,167444
,Dendrobeania sp.,95105,Dendrobeania,NA,NA,NA,NA
disc bryozoan,Alcyonidium disciforme,95039,Alcyonidium disciforme,NA,NA,NA,NA
hermit sponge,Suberites domuncula,91020,Suberites domuncula,Porifera,valid,species,48489
whitescaled sea cucumber,Psolus squamatus,85220,Psolus squamatus,Echinodermata,valid,species,1081156
,Lebbeus sp.,66200,Lebbeus,Arthropoda,valid,genus,96786
Dover sole,Microstomus pacificus,10180,Microstomus pacificus,Actinopterygii,valid,species,172887
magistrate armhook squid,Berryteuthis magister,79210,Berryteuthis magister,Mollusca,valid,species,82430
,Leptagonus sp.,20004,Leptagonus,Actinopterygii,valid,genus,167477
salmon snailfish,Careproctus rastrinus,22236,Careproctus rastrinus,Actinopterygii,valid,species,167513
,Leptasterias coei,80115,Leptasterias coei,Echinodermata,valid,species,157231
serpulid worm,Serpulidae,57409,Serpulidae,Annelida,valid,family,68232
abalone jingle,Pododesmus cepio,75601,Pododesmus cepio,NA,NA,NA,NA
snake prickleback,Lumpenus sagitta,23808,Lumpenus sagitta,Actinopterygii,valid,species,171583
salp unid.,Thaliacea,98070,Thaliacea,Urochordata,valid,class,159632
prowfish,Zaprora silenus,24001,Zaprora silenus,Actinopterygii,valid,species,171659
echiuroid worm unid.,Echiura,94500,Echiura,Annelida,valid,subclass,914211
sea whip or sea pen unid.,Pennatulacea,42000,Pennatulacea,Cnidaria,valid,order,52348
hippolytid shrimp unid.,Hippolytidae,66150,Hippolytidae,Arthropoda,valid,family,96746
tulip whelk,Volutopsius middendorffi,71764,Volutopsius middendorffi,NA,NA,NA,NA
sand lance unid.,Ammodytes sp.,20202,Ammodytes,Actinopterygii,valid,genus,171671
sea cockroach,Rocinela angustata,62025,Rocinela angustata,Arthropoda,valid,species,546633
eyeshade sculpin,Nautichthys pribilovius,21405,Nautichthys pribilovius,Actinopterygii,valid,species,167330
,Boreotrophon sp.,72420,Boreotrophon,Mollusca,valid,genus,73330
pygmy poacher,Odontopyxis trispinosa,20018,Odontopyxis trispinosa,Actinopterygii,valid,species,167460
heavy Macoma,Macoma brota,75247,Macoma brota,Mollusca,valid,species,81037
Alaskan trophon,Boreotrophon alaskanus,72402,Boreotrophon alaskanus,Mollusca,valid,species,567287
spinycheek starsnout,Bathyagonus infraspinatus,20036,Bathyagonus infraspinatus,Actinopterygii,valid,species,167449
red striated sea anemone,,43007,,NA,NA,NA,NA
,Aurelia labiata,40512,Aurelia labiata,Cnidaria,valid,species,51707
,Bathyraja sp. egg case,402,Bathyraja,Chondrichthyes,valid,genus,160928
pighead prickleback,Acantholumpenus mackayi,23809,Acantholumpenus mackayi,Actinopterygii,valid,species,171556
,Hippoglossoides sp.,10129,Hippoglossoides,Actinopterygii,valid,genus,172874
mussel unid.,Mytilidae,74050,Mytilidae,Mollusca,valid,family,79451
,Siliqua sp.,75264,Siliqua,Mollusca,valid,genus,81007
,Pteraster jordani,81316,Pteraster jordani,Echinodermata,valid,species,157117
,Arctomelon sp.,72789,Arctomelon,Mollusca,valid,genus,74301
,Leptychaster pacificus,81830,Leptychaster pacificus,Echinodermata,valid,species,156892
North Pacific sea star,Leptychaster arcticus,81835,Leptychaster arcticus,Echinodermata,valid,species,156890
longnose skate,Raja rhina,440,Raja rhina,Chondrichthyes,valid,species,160851
brown rimmed jelly,Aurelia limbata,40520,Aurelia limbata,Cnidaria,valid,species,51705
shortscale eualid,Eualus suckleyi,66193,Eualus suckleyi,Arthropoda,valid,species,96806
,Odontohenricia sp.,80551,Odontohenricia,Echinodermata,valid,genus,656010
Pacific sea lemon,Peltodoris nobilis,71230,Peltodoris nobilis,NA,NA,NA,NA
,Molpadia sp.,85115,Molpadia,Echinodermata,valid,genus,158493
,Euspira sp.,71575,Euspira,Mollusca,valid,genus,72984
Bering eelpout,Lycodes beringi,24195,Lycodes beringi,NA,NA,NA,NA
stout eelblenny,Anisarchus medius,23806,Anisarchus medius,Actinopterygii,valid,species,171620
pygmy benthoctopus,Sasakiopus salebrosus,78454,Sasakiopus salebrosus,NA,NA,NA,NA
rougheye rockfish,Sebastes aleutianus,30051,Sebastes aleutianus,Actinopterygii,valid,species,166706
dusky rockfish,Sebastes variabilis,30152,Sebastes variabilis,Actinopterygii,valid,species,644604
octopus unid.,Octopodidae,78010,Octopodidae,Mollusca,valid,family,82590
,Benthoctopus sibiricus,78013,Benthoctopus sibiricus,Mollusca,valid,species,556297
hornyhand hermit,Pagurus cornutus,69080,Pagurus cornutus,Arthropoda,valid,species,97795
,Benthoctopus sp.,78452,Benthoctopus,Mollusca,valid,genus,82591
,Hiatella sp.,74310,Hiatella,Mollusca,valid,genus,81764
lamellarid unid.,Lamellariidae,71583,Lamellariidae,Mollusca,valid,family,72691
,Amaroucium sp.,98302,Amaroucium,NA,NA,NA,NA
shrimp unid.,,66000,,NA,NA,NA,NA
majestic sea star,Pedicellaster magister,80230,Pedicellaster magister,Echinodermata,valid,species,157280
,Natica sp.,71525,Natica,Mollusca,valid,genus,72883
glacial whelk,Buccinum glaciale,72758,Buccinum glaciale,Mollusca,valid,species,73754
smooth lumpsucker,Aptocyclus ventricosus,22175,Aptocyclus ventricosus,Actinopterygii,valid,species,167485
maroon sea whip,Halipteris sp. A (Stone 2015),42009,Halipteris,Cnidaria,valid,genus,719025
,Cryptonatica sp.,71524,Cryptonatica,Mollusca,valid,genus,566970
,Synallactes sp.,85289,Synallactes,Echinodermata,valid,genus,158369
,Pseudarchaster sp.,80610,Pseudarchaster,Echinodermata,valid,genus,157015
hat sponge,Echinoclathria beringensis,91063,Echinoclathria beringensis,NA,NA,NA,NA
two-keel hairysnail,Trichotropis bicarinata,72305,Trichotropis bicarinata,Mollusca,valid,species,72597
tumid sea star,Henricia tumida,80546,Henricia tumida,Echinodermata,valid,species,157164
whitebrow skate,Bathyraja minispinosa,485,Bathyraja minispinosa,Chondrichthyes,valid,species,564264
wrinkled star,Pteraster militaris,81320,Pteraster militaris,Echinodermata,valid,species,157109
longnose poacher,Leptagonus leptorhynchus,20005,Leptagonus leptorhynchus,NA,NA,NA,NA
squid unid.,Decapodiformes,79000,Decapodiformes,NA,NA,NA,NA
scissortail sculpin,Triglops forficata,21352,Triglops forficata,NA,NA,NA,NA
snail unid.,Gastropoda,71500,Gastropoda,Mollusca,valid,class,69459
volute whelk,Volutopsius castanea,71760,Volutopsius castanea,Mollusca,valid,species,568461
,Pseudarchaster alascensis,80620,Pseudarchaster alascensis,Echinodermata,valid,species,990623
Bering trophon,Boreotrophon beringi,72401,Boreotrophon beringi,NA,NA,NA,NA
,Neptunea phoenicea,71802,Neptunea phoenicea,Mollusca,valid,species,567954
,Dipsacaster sp.,81850,Dipsacaster,Echinodermata,valid,genus,156883
smoothstem seawhip,Virgularia sp.,42001,Virgularia,Cnidaria,valid,genus,52393
,Buccinum sp. egg,71002,Buccinum,Mollusca,valid,genus,73727
,Fusitriton oregonensis egg,71003,Fusitriton oregonensis,Mollusca,valid,species,73018
chiton unid.,Polyplacophora,70100,Polyplacophora,Mollusca,valid,class,78807
,Euspira lewisii,71570,Euspira lewisii,Mollusca,valid,species,567572
beaked barnacle,Balanus rostratus,65205,Balanus rostratus,Arthropoda,valid,species,89614
gammarid amphipod unid.,Gammaridae,60110,Gammaridae,Arthropoda,valid,family,93745
golden king crab,Lithodes aequispinus,69310,Lithodes aequispinus,Arthropoda,valid,species,660179
cat worm unid.,Nephtyidae,53700,Nephtyidae,Annelida,valid,family,66010
,Ancistrolepis sp.,71960,Ancistrolepis,Mollusca,valid,genus,73868
seahorse whelk,Colus oceandromae,71896,Colus oceandromae,NA,NA,NA,NA
Arctic bat sea star,Ceramaster arcticus,80731,Ceramaster arcticus,Echinodermata,valid,species,156989
hybrid starry flounder X Alaska plaice,Platichthys stellatus X Pleuronectes quadrituberculatus hybrid,10221,NA,NA,NA,NA,NA
,Neptunea sp. E (Clark and McLean),71885,Neptunea,Mollusca,valid,genus,73975
grooved sea star,Crossaster borealis,81092,Crossaster borealis,Echinodermata,valid,species,157064
English sole,Parophrys vetulus,10170,Parophrys vetulus,Actinopterygii,valid,species,172921
hairy tunicate,Halocynthia hispidus,98324,Halocynthia hispidus,NA,NA,NA,NA
shell shrimp,Crangon alaskensis,66512,Crangon alaskensis,Arthropoda,valid,species,97207
,Cyanea sp.,40560,Cyanea,Cnidaria,valid,genus,51669
glassy tunicate,Ascidia paratropa,98322,Ascidia paratropa,Urochordata,valid,species,159181
sweet sea potato,Molpadia intermedia,85120,Molpadia intermedia,Echinodermata,valid,species,158495
Fisher sun star,Solaster sp. F (Clark),81071,Solaster,Echinodermata,valid,genus,157074
green papillate sponge,Latrunculia oparinae,91226,Latrunculia oparinae,NA,NA,NA,NA
,Dendronotus sp.,71018,Dendronotus,Mollusca,valid,genus,78505
,Atolla sp.,40510,Atolla,Cnidaria,valid,genus,51554
brownscaled sea cucumber,Psolus fabricii,85219,Psolus fabricii,Echinodermata,valid,species,158153
dragon poacher,Percis japonicus,20002,Percis japonicus,NA,NA,NA,NA
Pacific staghorn sculpin,Leptocottus armatus,21380,Leptocottus armatus,Actinopterygii,valid,species,167302
,Colus jordani,71719,Colus jordani,Mollusca,valid,species,73942
hermit crab unid.,Paguridae,69010,Paguridae,Arthropoda,valid,family,97774
lampshell unid.,Brachiopoda,97000,Brachiopoda,NA,NA,NA,NA
,Ophiopholis japonica,83391,Ophiopholis japonica,NA,NA,NA,NA
,Ophiopholis kennerleyi,83392,Ophiopholis kennerleyi,NA,NA,NA,NA
,Mya sp.,75330,Mya,Mollusca,valid,genus,81691
cockle unid.,,74981,,NA,NA,NA,NA
Flugel nippled sponge,Polymastia fluegeli,91110,Polymastia fluegeli,NA,NA,NA,NA
,Evasterias retifera,80012,Evasterias retifera,Echinodermata,valid,species,990378
tree sponge,Mycale loveni,91040,Mycale loveni,Porifera,valid,species,48208
foolish mussel,Mytilus trossulus,74075,Mytilus trossulus,Mollusca,valid,species,567928
scale worm unid.,Polynoidae,56300,Polynoidae,Annelida,valid,family,64397
,Pyrulofusus dexius,71749,Pyrulofusus dexius,Mollusca,valid,species,568243
,Pododesmus sp.,75605,Pododesmus,Mollusca,valid,genus,79791
thick carditid,Cyclocardia crassidens,74654,Cyclocardia crassidens,Mollusca,valid,species,80742
,Leptasterias katharinae,80591,Leptasterias katharinae,NA,NA,NA,NA
Pacific geoduck,Panopea generosa,74301,Panopea generosa,Mollusca,valid,species,81777
,Nodulotrophon coronatus,72403,Nodulotrophon coronatus,NA,NA,NA,NA
tadpole sculpin,Psychrolutes paradoxus,21394,Psychrolutes paradoxus,Actinopterygii,valid,species,167413
sabellid unid.,Sabellidae,57000,Sabellidae,Annelida,valid,family,68076
bigmouth sculpin egg,Hemitripterus bolini egg,21422,Hemitripterus bolini,Actinopterygii,valid,species,167287
mud skate egg case,Bathyraja taranetzi egg case,456,Bathyraja taranetzi,NA,NA,NA,NA
bristly tunicate,Halocynthia igaboja,98204,Halocynthia igaboja,NA,NA,NA,NA
,Artediellus sp.,21331,Artediellus,Actinopterygii,valid,genus,167201
scaled crab,Placetron wosnessenskii,69336,Placetron wosnessenskii,Arthropoda,valid,species,97931
,Pteraster sp. F (Clark),81323,Pteraster,Echinodermata,valid,genus,157107
yellowleg pandalid,Pandalus tridens,66033,Pandalus tridens,Arthropoda,valid,species,96977
